	low	med	high
unadjusted_est	0.09040115164378554	0.13929046623618957	0.17401563632166506
q_only	0.07490429660961366	0.09886038595530475	0.16971941043528885
plugin	0.05223041785490285	0.07829147368263006	0.13756692297873274
tmle_mse	0.022572032306923596	0.01695618135762528	0.021608588207827028
tmle_ce	0.038250276339595976	0.025595436131500685	0.03051524714298743
aiptw	0.0321373981183905	0.012276268630670812	0.01010874397538036
ground_truth	0.06178272432153398	0.05746142091195938	0.03260354656156039
